Workbook

Sheet Pratique_VLOOKUP
A1: Product_ID | B1: Produit | C1: Prix
A2: P001 | B2: Ordinateur | C2: 450000
A3: P002 | B3: Souris | C3: 15000
A4: P003 | B4: Clavier | C4: 25000
A5: P004 | B5: Écran | C5: 120000
A6: P005 | B6: Casque | C6: 30000
A8: EXERCICE 1
A9: Product_ID recherché | B9: Résultat | C9: Son_prix
A10: P003 | B10: =VLOOKUP(A4,A2:C6,2,TRUE) -> Clavier | C10: =VLOOKUP(A4,A2:C6,3,TRUE) -> 25000
A12: EXERCICE 2
A13: Recherche_exact
A14: =VLOOKUP(A5,A2:C6,1,FALSE) -> P004
A15: =VLOOKUP(P1002,A2:C6,2,FALSE) -> #N/A
A17: EXERCICE 3
A18: Recherche_PRODUIT | B18: Recherche_prix
A19: =VLOOKUP(A4,A2:C6,2,TRUE) -> Clavier | B19: =VLOOKUP(A4,A2:C6,3,TRUE) -> 25000
A21: Exercice 4
A22: Recherche_PRODUIT | B22: Recherche_prix
A23: {=VLOOKUP(A2:A6,A2:C6,2,FALSE)} -> Ordinateur | B23: {=VLOOKUP(A2:A6,A2:C6,3,TRUE)} -> 450000
A24: Souris | B24: 15000
A25: Clavier | B25: 25000
A26: Écran | B26: 120000
A27: Casque | B27: 30000

Sheet Catalogue
A1: Product_ID | B1: Produit | C1: Catégorie | D1: Prix | E1: Stock
A2: P001 | B2: Laptop HP | C2: Informatique | D2: 450000 | E2: 15
A3: P002 | B3: Souris Logitech | C3: Informatique | D3: 15000 | E3: 50
A4: P003 | B4: Clavier mécanique | C4: Informatique | D4: 35000 | E4: 30
A5: P004 | B5: Écran 24 pouces | C5: Informatique | D5: 120000 | E5: 20
A6: P005 | B6: Casque audio | C6: Informatique | D6: 30000 | E6: 25
A7: P006 | B7: Webcam HD | C7: Informatique | D7: 22000 | E7: 18
A8: P007 | B8: Disque dur externe 1To | C8: Informatique | D8: 45000 | E8: 22
A9: P008 | B9: Clé USB 64Go | C9: Informatique | D9: 8000 | E9: 100
A10: P009 | B10: Imprimante laser | C10: Informatique | D10: 180000 | E10: 8
A11: P010 | B11: Tapis de souris | C11: Informatique | D11: 3000 | E11: 60
A12: P011 | B12: Chargeur laptop | C12: Informatique | D12: 18000 | E12: 40
A13: P012 | B13: Onduleur | C13: Informatique | D13: 65000 | E13: 12
... A51: P050 | B51: Mixeur | C51: Électroménager | D51: 28000 | E51: 20

Sheet Recherche_Produit
A1: RECHERCHE APPROXIMATIVE | D1: Challenge
A2: Product_ID : | B2: P050 | D2: Product_ID | E2: Produit | F2: Catégorie | G2: Prix | H2: Stock
D3: P003 | E3: =VLOOKUP(D3,Catalogue!$A$2:$E$51,2,FALSE) -> Clavier mécanique | F3: =VLOOKUP(D3,Catalogue!$A$2:$E$51,3,FALSE) -> Informatique | G3: =VLOOKUP(D3,Catalogue!$A$2:$E$51,4,FALSE) -> 35000 | H3: =VLOOKUP(D3,Catalogue!$A$2:$E$51,5,FALSE) -> 30
A4: Information | B4: Résultat | D4: P015 | E4: =VLOOKUP(D4,Catalogue!$A$2:$E$51,2,FALSE) -> Routeur Wifi | F4: =VLOOKUP(D4,Catalogue!$A$2:$E$51,3,FALSE) -> Informatique | G4: =VLOOKUP(D4,Catalogue!$A$2:$E$51,4,FALSE) -> 40000 | H4: =VLOOKUP(D4,Catalogue!$A$2:$E$51,5,FALSE) -> 15
A5: Produit | B5: =VLOOKUP($B$2,Catalogue!$A$2:$E$51,2,TRUE) -> Mixeur | D5: P027 | E5: =VLOOKUP(D5,Catalogue!$A$2:$E$51,2,FALSE) -> Cahier 200 pages | F5: =VLOOKUP(D5,Catalogue!$A$2:$E$51,3,FALSE) -> Fournitures | G5: =VLOOKUP(D5,Catalogue!$A$2:$E$51,4,FALSE) -> 1500 | H5: =VLOOKUP(D5,Catalogue!$A$2:$E$51,5,FALSE) -> 200
A6: Catégorie | B6: =VLOOKUP($B$2,Catalogue!$A$2:$E$51,3,TRUE) -> Électroménager | D6: P042 | E6: =VLOOKUP(D6,Catalogue!$A$2:$E$51,2,FALSE) -> Ventilateur | F6: =VLOOKUP(D6,Catalogue!$A$2:$E$51,3,FALSE) -> Électroménager | G6: =VLOOKUP(D6,Catalogue!$A$2:$E$51,4,FALSE) -> 35000 | H6: =VLOOKUP(D6,Catalogue!$A$2:$E$51,5,FALSE) -> 20
A7: Prix | B7: =VLOOKUP($B$2,Catalogue!$A$2:$E$51,4,TRUE) -> 28000 | D7: P999 | E7: =VLOOKUP(D7,Catalogue!$A$2:$E$51,2,FALSE) -> #N/A | F7: =VLOOKUP(D7,Catalogue!$A$2:$E$51,3,FALSE) -> #N/A | G7: =VLOOKUP(D7,Catalogue!$A$2:$E$51,4,FALSE) -> #N/A | H7: =VLOOKUP(D7,Catalogue!$A$2:$E$51,5,FALSE) -> #N/A
A8: Stock disponible | B8: =VLOOKUP($B$2,Catalogue!$A$2:$E$51,5,TRUE) -> 20
A10: RECHERCHE EXACT
A11: Product_ID : | B11: P003
A13: Information | B13: Résultat
A14: Produit | B14: =VLOOKUP($B$2,Catalogue!$A$2:$E$51,2,FALSE) -> Mixeur
A15: Catégorie | B15: =VLOOKUP($B$2,Catalogue!$A$2:$E$51,3,FALSE) -> Électroménager
A16: Prix | B16: =VLOOKUP($B$2,Catalogue!$A$2:$E$51,4,FALSE) -> 28000
A17: Stock disponible | B17: =VLOOKUP($B$2,Catalogue!$A$2:$E$51,5,FALSE) -> 20
