Workbook

Sheet Pratique_Nettoyage
A1: ID | B1: Nom | C1: Ville | D1: Salaire | E1: Date
A2: 1 | B2: Awa Ndiaye | C2: Dakar | D2: 350000 | E2: 46034 | F2: =PROPER(TRIM(C2)) -> Dakar
A3: 2 | B3: Mamadou Diop | C3: Dakar | D3: 400000 | E3: 46037 | F3: =TRIM(C2) -> Dakar
A4: 3 | B4: Fatou Fall | C4: Thiès | E4: 46040
A5: 3 | B5: Fatou Fall | C5: Thiès | E5: 46040
A6: 4 | B6: Cheikh Ba | C6: Dakar | D6: 450000 | E6: 46042 | F6: =PROPER("dakar") -> Dakar
A7: 5 | B7: Mariama Sow | C7: Dakar | D7: 325000 | E7: 46044

Sheet Raw_Data
A1: order_id | B1: order_date | C1: customer_email | D1: country | E1: channel | F1: product_sku | G1: product_name | H1: quantity | I1: unit_price | J1: order_total | K1: weight | L1: currency | M1: status
A2: ORD-101805 | B2: 46100 | C2: customer0457@example.com | D2: France | E2: direct | F2: FR-9902 | G2: Trekking Poles | H2: 1 | I2: 45.00 | J2: 36.00 | K2: 520 | L2: EUR | M2: completed
A3: ORD-102690 | B3: 46161 | C3: customer0814@example.com | D3: France | E3: social | F3: FR-2210 | G3: Trail Softshell | H3: 1 | I3: 71.10 | J3: 71.10 | K3: 0.520 | L3: GBP | M3: completed
A4: ORD-101454 | B4: 46187 | C4: customer0858@example.com | D4: UK | E4: email | F4: FR-1120 | G4: Fell Runner Cap | H4: 1 | I4: 45.00 | J4: 45.00 | K4: 0.085 | L4: GBP | M4: completed
A5: ORD-100450 | B5: 46030 | C5: customer0116@example.com | D5: UK | E5: organic | F5: FR-5567 | G5: Merino Base Layer | H5: 1 | I5: 71.10 | J5: 71.10 | K5: 190 | L5: EUR | M5: completed
A6: ORD-101501 | B6: 46162 | C6: customer1397@example.com | D6: Ireland | E6: email | F6: FR-8890 | G6: Summit Down Gilet | H6: 1 | I6: 21.60 | J6: 21.60 | K6: 0.380 | L6: GBP | M6: completed
A7: ORD-101788 | B7: 46095 | C7: customer0775@example.com | D7: GB | E7: organic | F7: FR-1120 | G7: Fell Runner Cap | H7: 1 | I7: 45.00 | J7: 45.00 | K7: 85 | L7: GBP | M7: completed
A8: ORD-102657 | B8: 46137 | C8: customer1328@example.com | D8: GB | E8: social | F8: FR-1120 | G8: Fell Runner Cap | H8: 3 | I8: 85.50 | J8: 256.50 | K8: 0.085 | L8: GBP | M8: refunded
A9: ORD-102047 | B9: 46162 | C9: customer0760@example.com | D9: ireland | E9: organic | F9: FR-1120 | G9: Fell Runner Cap | H9: 2 | I9: 134.10 | J9: 268.20 | K9: 0.085 | L9: EUR | M9: refunded
A10: ORD-102650 | B10: 46114 | C10: customer0013@example.com | D10: gb | E10: paid_search | F10: FR-5567 | G10: Merino Base Layer | H10: 1 | I10: 24.00 | J10: 24.00 | K10: 190 | L10: GBP | M10: completed
A11: ORD-102734 | B11: 46069 | C11: customer0805@example.com | D11: UK | E11: paid_search | F11: FR-5567 | G11: Merino Base Layer | H11: 1 | I11: 95.00 | J11: 95.00 | K11: 190 | L11: EUR | M11: refunded
A12: ORD-102012 | B12: 46133 | C12: customer0123@example.com | D12: UK | E12: email | F12: FR-7781 | G12: Storm Overtrousers | H12: 1 | I12: 45.00 | J12: 45.00 | K12: 0.410 | L12: GBP | M12: completed
A13: ORD-102152 | B13: 46204 | C13: customer0956@example.com | D13: Ireland | E13: email | F13: FR-7781 | G13: Storm Overtrousers | H13: 1 | I13: 129.00 | J13: 129.00 | K13: 410 | L13: GBP | M13: completed
A14: ORD-102773 | B14: 02/27/2026 | C14: customer1363@example.com | D14: GB | E14: organic | F14: FR-3345 | G14: CafÃ© Latte Mug | H14: 3 | I14: 116.10 | J14: 348.30 | K14: 340 | L14: GBP | M14: refunded
A15: ORD-102215 | B15: 46074 | C15: customer1206@example.com | D15: gb | E15: direct | F15: FR-4471 | G15: Alpine Jacket | H15: 3 | I15: 129.00 | J15: 387.00 | K15: 640 | L15: GBP | M15: completed
A16: ORD-100612 | B16: 46208 | C16: customer0555@example.com | D16: uk | E16: email | F16: FR-2210 | G16: Trail Softshell | H16: 1 | I16: 45.00 | J16: 45.00 | K16: 0.520 | L16: EUR | M16: completed
A17: ORD-102771 | B17: 46033 | C17: customer1312@example.com | D17: Ireland | E17: paid_search | F17: FR-1120 | G17: Fell Runner Cap | H17: 1 | I17: 71.10 | J17: 71.10 | K17: 85 | L17: GBP | M17: completed
A18: ORD-101929 | B18: 46192 | C18: customer0084@example.com | D18: United Kingdom | E18: organic | F18: FR-7781 | G18: Storm Overtrousers | H18: 1 | I18: 116.10 | J18: 116.10 | K18: 0.410 | L18: GBP | M18: completed
A19: ORD-101855 | B19: 46180 | C19: customer0527@example.com | D19: GB | E19: paid_search | F19: FR-3345 | G19: CafÃ© Latte Mug | H19: 1 | I19: 89.00 | J19: 89.00 | K19: 0.340 | L19: GBP | M19: refunded
A20: ORD-101033 | B20: 46135 | C20: customer0970@example.com | D20: UK | E20: organic | F20: FR-4471 | G20: Alpine Jacket | H20: 2 | I20: 149.00 | J20: 298.00 | K20: 0.640 | L20: GBP | M20: completed
A21: ORD-100485 | B21: 46187 | C21: customer1056@example.com | D21: uk | E21: email | F21: FR-5567 | G21: Merino Base Layer | H21: 1 | I21: 45.00 | J21: 45.00 | K21: 0.190 | L21: GBP | M21: completed
A22: ORD-101121 | B22: 46109 | C22: customer0910@example.com | D22: France | E22: direct | F22: FR-5567 | G22: Merino Base Layer | H22: 1 | I22: 85.50 | J22: 85.50 | K22: 190 | L22: GBP | M22: completed
A23: ORD-101302 | B23: 46081 | C23: customer1155@example.com | D23: Germany | E23: email | F23: FR-8890 | G23: Summit Down Gilet | H23: 2 | I23: 149.00 | J23: 298.00 | K23: 380 | L23: GBP | M23: completed
A24: ORD-100778 | B24: 46069 | C24: customer1044@example.com | D24: uk | E24: social | F24: FR-1120 | G24: Fell Runner Cap | H24: 1 | I24: 21.60 | J24: 21.60 | K24: 85 | L24: GBP | M24: completed
A25: ORD-100968 | B25: 03/21/2026 | C25: customer0047@example.com | D25: ireland | E25: organic | F25: FR-3345 | G25: CafÃ© Latte Mug | H25: 1 | I25: 21.60 | J25: 21.60 | K25: 340 | L25: GBP | M25: completed
A26: ORD-101676 | B26: 46113 | C26: customer0180@example.com | D26: gb | E26: email | F26: FR-7781 | G26: Storm Overtrousers | H26: -1 | I26: 129.00 | J26: -129.00 | K26: 410 | L26: GBP | M26: completed
A27: ORD-102809 | B27: 46135 | C27: customer0212@example.com | D27: Germany | E27: organic | F27: FR-5567 | G27: Merino Base Layer | H27: 3 | I27: 89.00 | J27: 267.00 | K27: 0.190 | L27: EUR | M27: completed
A28: ORD-102890 | B28: 46031 | C28: customer0605@example.com | D28: UK | E28: direct | F28: FR-3345 | G28: CafÃ© Latte Mug | H28: 1 | I28: 21.60 | J28: 21.60 | K28: 340 | L28: GBP | M28: refunded
A29: ORD-100039 | B29: 46173 | C29: customer0449@example.com | D29: UK | E29: social | F29: FR-8890 | G29: Summit Down Gilet | H29: 2 | I29: 79.00 | J29: 158.00 | K29: 0.380 | L29: GBP | M29: completed
A30: ORD-102776 | B30: 46203 | C30: customer0321@example.com | D30: GB | E30: direct | F30: FR-8890 | G30: Summit Down Gilet | H30: 3 | I30: 11.25 | J30: 33.75 | K30: 0.380 | L30: GBP | M30: completed
A31: ORD-100053 | B31: 46116 | C31: customer1166@example.com | D31: gb | E31: social | F31: FR-2210 | G31: Trail Softshell | H31: 1 | I31: GBP45.00 | J31: 36.00 | K31: 520 | L31: GBP | M31: completed
A32: ORD-101914 | B32: 46094 | C32: customer0347@example.com | D32: Germany | E32: paid_search | F32: FR-5567 | G32: Merino Base Layer | H32: 2 | I32: 129.00 | J32: 258.00 | K32: 190 | L32: GBP | M32: completed
A33: ORD-100303 | B33: 46039 | C33: customer1186@example.com | D33: UK | E33: social | F33: FR-4471 | G33: Alpine Jacket | H33: 1 | I33: 71.10 | J33: 71.10 | K33: 640 | L33: GBP | M33: completed
A34: ORD-102075 | B34: 46113 | C34: customer1029@example.com | D34: UK | E34: organic | F34: FR-3345 | G34: CafÃ© Latte Mug | H34: -2 | I34: 45.00 | J34: -90.00 | K34: 340 | L34: GBP | M34: completed
A35: ORD-101025 | B35: 46068 | C35: customer1144@example.com | D35: United Kingdom | E35: email | F35: FR-4471 | G35: Alpine Jacket | H35: 2 | I35: £80.10 | J35: 160.20 | K35: 640 | L35: EUR | M35: completed
A36: ORD-101946 | B36: 46152 | C36: customer1248@example.com | D36: UK | E36: organic | F36: FR-4471 | G36: Alpine Jacket | H36: 2 | I36: GBP12.50 | J36: 25.00 | K36: 0.640 | L36: GBP | M36: completed
A37: ORD-101075 | B37: 03/19/2026 | C37: customer0388@example.com | D37: UK | E37: organic | F37: FR-7781 | G37: Storm Overtrousers | H37: 3 | I37: 149.00 | J37: 447.00 | K37: 410 | L37: GBP | M37: completed
A38: ORD-101807 | B38: 04/24/2026 | C38: customer1225@example.com | D38: UK | E38: direct | F38: FR-7781 | G38: Storm Overtrousers | H38: 2 | I38: 11.25 | J38: 22.50 | K38: 0.410 | L38: GBP | M38: refunded
A39: ORD-102879 | B39: 46111 | C39: customer1087@example.com | D39: ireland | E39: paid_search | F39: FR-7781 | G39: Storm Overtrousers | H39: 1 | I39: 149.00 | J39: 149.00 | K39: 410 | L39: GBP | M39: refunded
A40: ORD-100229 | B40: 02/14/2026 | C40: customer0706@example.com | D40: gb | E40: paid_search | F40: FR-1120 | G40: Fell Runner Cap | H40: 1 | I40: 80.10 | J40: 80.10 | K40: 85 | L40: GBP | M40: completed
A41: ORD-101507 | B41: 06/20/2026 | C41: customer0951@example.com | D41: uk | E41: organic | F41: FR-5567 | G41: Merino Base Layer | H41: 1 | I41: 95.00 | J41: 95.00 | K41: 0.190 | L41: GBP | M41: completed
A42: ORD-100281 | B42: 46193 | C42: customer1318@example.com | D42: gb | E42: organic | F42: FR-7781 | G42: Storm Overtrousers | H42: 3 | I42: 11.25 | J42: 33.75 | K42: 0.410 | L42: GBP | M42: completed
A43: ORD-100155 | B43: 46169 | C43: customer0109@example.com | D43: UK | E43: social | F43: FR-4471 | G43: Alpine Jacket | H43: 2 | I43: 21.60 | J43: 43.20 | K43: 0.640 | L43: EUR | M43: refunded
A44: ORD-102793 | B44: 46056 | C44: customer0701@example.com | D44: United Kingdom | E44: email | F44: FR-8890 | G44: Summit Down Gilet | H44: 2 | I44: 89.00 | J44: 178.00 | K44: 380 | L44: GBP | M44: completed
A45: ORD-102266 | B45: 46041 | C45: customer0725@example.com | D45: UK | E45: email | F45: FR-3345 | G45: CafÃ© Latte Mug | H45: 1 | I45: GBP80.10 | J45: 80.10 | K45: 340 | L45: GBP | M45: completed
A46: ORD-102177 | B46: 06/24/2026 | C46: customer0599@example.com | D46: UK | E46: direct | F46: FR-3345 | G46: CafÃ© Latte Mug | H46: 3 | I46: 129.00 | J46: 387.00 | K46: 0.340 | L46: GBP | M46: completed
A47: ORD-102794 | B47: 46163 | C47: customer0480@example.com | D47: ireland | E47: paid_search | F47: FR-7781 | G47: Storm Overtrousers | H47: 2 | I47: 129.00 | J47: 258.00 | K47: 0.410 | L47: GBP | M47: completed
A48: ORD-102860 | B48: 46105 | C48: customer1378@example.com | D48: UK | E48: direct | F48: FR-4471 | G48: Alpine Jacket | H48: 2 | I48: £85.50 | J48: 171.00 | K48: 640 | L48: GBP | M48: refunded
A49: ORD-102717 | B49: 46101 | C49: customer0415@example.com | D49: ireland | E49: paid_search | F49: FR-7781 | G49: Storm Overtrousers | H49: 1 | I49: 89.00 | J49: 89.00 | K49: 410 | L49: GBP | M49: completed
A50: ORD-100226 | B50: 46036 | C50: customer0210@example.com | D50: Germany | E50: email | F50: FR-3345 | G50: CafÃ© Latte Mug | H50: 1 | I50: 95.00 | J50: 95.00 | K50: 340 | L50: EUR | M50: completed
A51: ORD-101221 | B51: 46037 | C51: customer1184@example.com | D51: ireland | E51: direct | F51: FR-3345 | G51: CafÃ© Latte Mug | H51: 2 | I51: 89.00 | J51: 178.00 | K51: 340 | L51: GBP | M51: completed
A52: ORD-102055 | B52: 46155 | C52: customer0735@example.com | D52: United Kingdom | E52: organic | F52: FR-5567 | G52: Merino Base Layer | H52: -1 | I52: 149.00 | J52: -149.00 | K52: 0.190 | L52: GBP | M52: completed
A53: ORD-102118 | B53: 46192 | C53: customer1072@example.com | D53: Ireland | E53: social | F53: FR-1120 | G53: Fell Runner Cap | H53: 3 | I53: 24.00 | J53: 72.00 | K53: 0.085 | L53: GBP | M53: completed
A54: ORD-101531 | B54: 46153 | C54: customer0814@example.com | D54: UK | E54: email | F54: FR-3345 | G54: CafÃ© Latte Mug | H54: 2 | I54: 85.50 | J54: 171.00 | K54: 0.340 | L54: EUR | M54: completed
A55: ORD-101429 | B55: 46168 | C55: customer0368@example.com | D55: UK | E55: organic | F55: FR-7781 | G55: Storm Overtrousers | H55: 3 | I55: 24.00 | J55: 72.00 | K55: 0.410 | L55: GBP | M55: refunded
A56: ORD-101372 | B56: 46038 | C56: customer0658@example.com | D56: uk | E56: direct | F56: FR-8890 | G56: Summit Down Gilet | H56: 1 | I56: 11.25 | J56: 11.25 | K56: 380 | L56: GBP | M56: completed
A57: ORD-101570 | B57: 46119 | C57: customer0843@example.com | D57: UK | E57: paid_search | F57: FR-2210 | G57: Trail Softshell | H57: 2 | I57: 11.25 | J57: 22.50 | K57: 520 | L57: GBP | M57: completed
A58: ORD-101237 | B58: 46136 | C58: customer1101@example.com | D58: uk | E58: organic | F58: FR-9902 | G58: Trekking Poles | H58: 2 | I58: 95.00 | J58: 171.00 | K58: 0.520 | L58: GBP | M58: completed
A59: ORD-102733 | B59: 46087 | C59: customer1291@example.com | D59: ireland | E59: direct | F59: FR-2210 | G59: Trail Softshell | H59: 1 | I59: £116.10 | J59: 116.10 | K59: 520 | L59: EUR | M59: completed
A60: ORD-100314 | B60: 46150 | C60: customer0820@example.com | D60: Ireland | E60: direct | F60: FR-4471 | G60: Alpine Jacket | H60: 2 | I60: 40.50 | J60: 81.00 | K60: 0.640 | L60: GBP | M60: completed
A61: ORD-102277 | B61: 46201 | C61: customer0975@example.com | D61: UK | E61: organic | F61: FR-2210 | G61: Trail Softshell | H61: 1 | I61: 85.50 | J61: 85.50 | K61: 0.520 | L61: EUR | M61: completed
A62: ORD-102431 | B62: 46205 | C62: customer0946@example.com | D62: gb | E62: direct | F62: FR-1120 | G62: Fell Runner Cap | H62: 2 | I62: 40.50 | J62: 81.00 | K62: 0.085 | L62: GBP | M62: refunded
A63: ORD-101431 | B63: 46143 | C63: customer0844@example.com | D63: uk | E63: organic | F63: FR-9902 | G63: Trekking Poles | H63: 2 | I63: 85.50 | J63: 171.00 | K63: 0.520 | L63: GBP | M63: completed
A64: ORD-102072 | B64: 46042 | C64: customer0732@example.com | D64: Germany | E64: organic | F64: FR-3345 | G64: CafÃ© Latte Mug | H64: 3 | I64: 11.25 | J64: 33.75 | K64: 340 | L64: GBP | M64: completed
A65: ORD-102983 | B65: 46063 | C65: customer1264@example.com | D65: gb | E65: direct | F65: FR-9902 | G65: Trekking Poles | H65: 3 | I65: 79.00 | J65: 237.00 | K65: 520 | L65: GBP | M65: completed
A66: ORD-101945 | B66: 46270 | C66: customer0119@example.com | D66: France | E66: paid_search | F66: FR-3345 | G66: CafÃ© Latte Mug | H66: 3 | I66: 89.00 | J66: 267.00 | K66: 0.340 | L66: GBP | M66: completed
A67: ORD-101850 | B67: 03/14/2026 | C67: customer0063@example.com | D67: France | E67: direct | F67: FR-7781 | G67: Storm Overtrousers | H67: 2 | I67: 45.00 | J67: 90.00 | K67: 410 | L67: GBP | M67: completed
A68: ORD-101650 | B68: 46161 | C68: customer0184@example.com | D68: United Kingdom | E68: organic | F68: FR-7781 | G68: Storm Overtrousers | H68: 3 | I68: 129.00 | J68: 387.00 | K68: 0.410 | L68: GBP | M68: completed
A69: ORD-102725 | B69: 05/17/2026 | C69: customer1123@example.com | D69: France | E69: paid_search | F69: FR-8890 | G69: Summit Down Gilet | H69: 2 | I69: 129.00 | J69: 258.00 | K69: 0.380 | L69: GBP | M69: refunded
A70: ORD-102852 | B70: 46168 | C70: customer0394@example.com | D70: Ireland | E70: paid_search | F70: FR-1120 | G70: Fell Runner Cap | H70: 1 | I70: 116.10 | J70: 116.10 | K70: 0.085 | L70: GBP | M70: completed
A71: ORD-101069 | B71: 46100 | C71: customer0006@example.com | D71: GB | E71: direct | F71: FR-8890 | G71: Summit Down Gilet | H71: 2 | I71: 24.00 | J71: 48.00 | K71: 380 | L71: EUR | M71: completed
A72: ORD-102523 | B72: 46112 | C72: customer0921@example.com | D72: UK | E72: social | F72: FR-5567 | G72: Merino Base Layer | H72: 1 | I72: 129.00 | J72: 103.20 | K72: 190 | L72: GBP | M72: refunded
A73: ORD-101173 | B73: 46158 | C73: customer0245@example.com | D73: Ireland | E73: social | F73: FR-7781 | G73: Storm Overtrousers | H73: 1 | I73: 12.50 | J73: 12.50 | K73: 0.410 | L73: GBP | M73: completed
A74: ORD-100798 | B74: 46161 | C74: customer0918@example.com | D74: UK | E74: social | F74: FR-3345 | G74: CafÃ© Latte Mug | H74: 3 | I74: 21.60 | J74: 64.80 | K74: 0.340 | L74: GBP | M74: completed
A75: ORD-100370 | B75: 05/20/2026 | C75: customer1151@example.com | D75: Ireland | E75: organic | F75: FR-5567 | G75: Merino Base Layer | H75: 1 | I75: 149.00 | J75: 149.00 | K75: 0.190 | L75: GBP | M75: completed
A76: ORD-100464 | B76: 46072 | C76: customer0844@example.com | D76: UK | E76: social | F76: FR-1120 | G76: Fell Runner Cap | H76: 1 | I76: 79.00 | J76: 79.00 | K76: 85 | L76: GBP | M76: completed
A77: ORD-100662 | B77: 46082 | C77: customer1198@example.com | D77: France | E77: organic | F77: FR-4471 | G77: Alpine Jacket | H77: 1 | I77: 24.00 | J77: 24.00 | K77: 640 | L77: GBP | M77: completed
A78: ORD-102005 | B78: 46036 | C78: customer0369@example.com | D78: UK | E78: organic | F78: FR-9902 | G78: Trekking Poles | H78: 2 | I78: GBP116.10 | J78: 232.20 | K78: 520 | L78: GBP | M78: refunded
A79: ORD-102592 | B79: 46149 | C79: customer0842@example.com | D79: uk | E79: email | F79: FR-5567 | G79: Merino Base Layer | H79: 1 | I79: 85.50 | J79: 85.50 | K79: 0.190 | L79: GBP | M79: completed
A80: ORD-100862 | B80: 46076 | C80: customer0427@example.com | D80: Germany | E80: social | F80: FR-4471 | G80: Alpine Jacket | H80: 2 | I80: 40.50 | J80: 81.00 | K80: 640 | L80: GBP | M80: completed
A81: ORD-101693 | B81: 46100 | C81: customer0461@example.com | D81: uk | E81: paid_search | F81: FR-1120 | G81: Fell Runner Cap | H81: 1 | I81: 79.00 | J81: 79.00 | K81: 85 | L81: EUR | M81: completed
A82: ORD-102839 | B82: 46146 | C82: customer0251@example.com | D82: UK | E82: organic | F82: FR-9902 | G82: Trekking Poles | H82: 1 | I82: 80.10 | J82: 80.10 | K82: 520 | L82: GBP | M82: completed
A83: ORD-102331 | B83: 46076 | C83: customer0592@example.com | D83: France | E83: organic | F83: FR-5567 | G83: Merino Base Layer | H83: 1 | I83: 71.10 | J83: 71.10 | K83: 190 | L83: GBP | M83: completed
A84: ORD-102439 | B84: 06/30/2026 | C84: customer1164@example.com | D84: Ireland | E84: organic | F84: FR-8890 | G84: Summit Down Gilet | H84: -2 | I84: 129.00 | J84: -258.00 | K84: 0.380 | L84: GBP | M84: completed
A85: ORD-101437 | B85: 46073 | C85: customer0990@example.com | D85: France | E85: social | F85: FR-5567 | G85: Merino Base Layer | H85: 1 | I85: 79.00 | J85: 79.00 | K85: 190 | L85: GBP | M85: completed
A86: ORD-101980 | B86: 46167 | C86: customer0809@example.com | D86: uk | E86: paid_search | F86: FR-7781 | G86: Storm Overtrousers | H86: 2 | I86: 95.00 | J86: 190.00 | K86: 0.410 | L86: GBP | M86: completed
A87: ORD-100372 | B87: 46044 | C87: customer0638@example.com | D87: Germany | E87: organic | F87: FR-4471 | G87: Alpine Jacket | H87: 3 | I87: 149.00 | J87: 447.00 | K87: 640 | L87: GBP | M87: refunded
A88: ORD-102170 | B88: 03/15/2026 | C88: customer1232@example.com | D88: uk | E88: email | F88: FR-3345 | G88: CafÃ© Latte Mug | H88: 3 | I88: 79.00 | J88: 237.00 | K88: 340 | L88: GBP | M88: refunded
A89: ORD-100509 | B89: 46039 | C89: customer0905@example.com | D89: GB | E89: organic | F89: FR-4471 | G89: Alpine Jacket | H89: 1 | I89: 12.50 | J89: 12.50 | K89: 640 | L89: EUR | M89: completed
A90: ORD-102217 | B90: 46088 | C90: customer1220@example.com | D90: Ireland | E90: social | F90: FR-1120 | G90: Fell Runner Cap | H90: 1 | I90: 45.00 | J90: 45.00 | K90: 85 | L90: GBP | M90: completed
A91: ORD-101947 | B91: 46107 | C91: customer0751@example.com | D91: UK | E91: email | F91: FR-9902 | G91: Trekking Poles | H91: 1 | I91: 89.00 | J91: 89.00 | K91: 520 | L91: GBP | M91: completed
A92: ORD-102481 | B92: 46057 | C92: customer0381@example.com | D92: France | E92: organic | F92: FR-4471 | G92: Alpine Jacket | H92: -1 | I92: 12.50 | J92: -12.50 | K92: 640 | L92: GBP | M92: completed
A93: ORD-101426 | B93: 46082 | C93: customer0673@example.com | D93: gb | E93: direct | F93: FR-4471 | G93: Alpine Jacket | H93: -1 | I93: 80.10 | J93: -80.10 | K93: 640 | L93: GBP | M93: completed
A94: ORD-100203 | B94: 46184 | C94: customer1140@example.com | D94: France | E94: paid_search | F94: FR-7781 | G94: Storm Overtrousers | H94: 1 | I94: 11.25 | J94: 11.25 | K94: 0.410 | L94: EUR | M94: completed
A95: ORD-100364 | B95: 46088 | C95: customer0044@example.com | D95: Germany | E95: social | F95: FR-8890 | G95: Summit Down Gilet | H95: 2 | I95: 95.00 | J95: 190.00 | K95: 380 | L95: EUR | M95: refunded
A96: ORD-102488 | B96: 46087 | C96: customer0412@example.com | D96: gb | E96: organic | F96: FR-7781 | G96: Storm Overtrousers | H96: 2 | I96: 95.00 | J96: 190.00 | K96: 410 | L96: GBP | M96: completed
A97: ORD-100485 | B97: 46187 | C97: customer1056@example.com | D97: uk | E97: email | F97: FR-5567 | G97: Merino Base Layer | H97: 1 | I97: 45.00 | J97: 45.00 | K97: 0.190 | L97: GBP | M97: completed
A98: ORD-100121 | B98: 46141 | C98: customer0761@example.com | D98: gb | E98: direct | F98: FR-2210 | G98: Trail Softshell | H98: 2 | I98: 11.25 | J98: 22.50 | K98: 0.520 | L98: GBP | M98: completed
A99: ORD-100228 | B99: 46185 | C99: customer0542@example.com | D99: France | E99: paid_search | F99: FR-8890 | G99: Summit Down Gilet | H99: 1 | I99: 21.60 | J99: 21.60 | K99: 0.380 | L99: GBP | M99: completed
A100: ORD-101841 | B100: 46078 | C100: customer0579@example.com | D100: United Kingdom | E100: organic | F100: FR-3345 | G100: CafÃ© Latte Mug | H100: 2 | I100: 71.10 | J100: 142.20 | K100: 340 | L100: GBP | M100: completed
...

Sheet Clean_Data
A1: order_id | B1: order_date | C1: customer_email | D1: country | E1: channel | F1: product_sku | G1: product_name | H1: quantity | I1: unit_price | J1: order_total | K1: weight | L1: currency | M1: status
A2: ORD-101805 | B2: 46100 | C2: customer0457@example.com | D2: =IF(OR(PROPER(TRIM(Raw_Data!D2))="Uk",PROPER(TRIM(Raw_Data!D2))="Gb",PROPER(TRIM(Raw_Data!D2))="United kingdom"),"United Kingdom",PROPER(TRIM(Raw_Data!D2))) -> France | E2: direct | F2: FR-9902 | G2: =SUBSTITUTE(Raw_Data!G2,"Ã©","é") -> Trekking Poles | H2: 1 | I2: 45.00 | J2: 36.00 | K2: 0.52 | L2: EUR | M2: completed
A3: ORD-102690 | B3: 46161 | C3: customer0814@example.com | D3: =IF(OR(PROPER(TRIM(Raw_Data!D3))="Uk",PROPER(TRIM(Raw_Data!D3))="Gb",PROPER(TRIM(Raw_Data!D3))="United kingdom"),"United Kingdom",PROPER(TRIM(Raw_Data!D3))) -> France | E3: social | F3: FR-2210 | G3: =SUBSTITUTE(Raw_Data!G3,"Ã©","é") -> Trail Softshell | H3: 1 | I3: 71.10 | J3: 71.10 | K3: 0.52 | L3: GBP | M3: completed
A4: ORD-101454 | B4: 46187 | C4: customer0858@example.com | D4: =IF(OR(PROPER(TRIM(Raw_Data!D4))="Uk",PROPER(TRIM(Raw_Data!D4))="Gb",PROPER(TRIM(Raw_Data!D4))="United kingdom"),"United Kingdom",PROPER(TRIM(Raw_Data!D4))) -> United Kingdom | E4: email | F4: FR-1120 | G4: =SUBSTITUTE(Raw_Data!G4,"Ã©","é") -> Fell Runner Cap | H4: 1 | I4: 45.00 | J4: 45.00 | K4: 0.085 | L4: GBP | M4: completed
A5: ORD-100450 | B5: 46235 | C5: customer0116@example.com | D5: =IF(OR(PROPER(TRIM(Raw_Data!D5))="Uk",PROPER(TRIM(Raw_Data!D5))="Gb",PROPER(TRIM(Raw_Data!D5))="United kingdom"),"United Kingdom",PROPER(TRIM(Raw_Data!D5))) -> United Kingdom | E5: organic | F5: FR-5567 | G5: =SUBSTITUTE(Raw_Data!G5,"Ã©","é") -> Merino Base Layer | H5: 1 | I5: 71.10 | J5: 71.10 | K5: 0.19 | L5: EUR | M5: completed
A6: ORD-101501 | B6: 46162 | C6: customer1397@example.com | D6: =IF(OR(PROPER(TRIM(Raw_Data!D6))="Uk",PROPER(TRIM(Raw_Data!D6))="Gb",PROPER(TRIM(Raw_Data!D6))="United kingdom"),"United Kingdom",PROPER(TRIM(Raw_Data!D6))) -> Ireland | E6: email | F6: FR-8890 | G6: =SUBSTITUTE(Raw_Data!G6,"Ã©","é") -> Summit Down Gilet | H6: 1 | I6: 21.60 | J6: 21.60 | K6: 0.38 | L6: GBP | M6: completed
A7: ORD-101788 | B7: 46095 | C7: customer0775@example.com | D7: =IF(OR(PROPER(TRIM(Raw_Data!D7))="Uk",PROPER(TRIM(Raw_Data!D7))="Gb",PROPER(TRIM(Raw_Data!D7))="United kingdom"),"United Kingdom",PROPER(TRIM(Raw_Data!D7))) -> United Kingdom | E7: organic | F7: FR-1120 | G7: =SUBSTITUTE(Raw_Data!G7,"Ã©","é") -> Fell Runner Cap | H7: 1 | I7: 45.00 | J7: 45.00 | K7: 0.085 | L7: GBP | M7: completed
A8: ORD-102657 | B8: 46137 | C8: customer1328@example.com | D8: =IF(OR(PROPER(TRIM(Raw_Data!D8))="Uk",PROPER(TRIM(Raw_Data!D8))="Gb",PROPER(TRIM(Raw_Data!D8))="United kingdom"),"United Kingdom",PROPER(TRIM(Raw_Data!D8))) -> United Kingdom | E8: social | F8: FR-1120 | G8: =SUBSTITUTE(Raw_Data!G8,"Ã©","é") -> Fell Runner Cap | H8: 3 | I8: 85.50 | J8: 256.50 | K8: 0.085 | L8: GBP | M8: refunded
A9: ORD-102047 | B9: 46162 | C9: customer0760@example.com | D9: =IF(OR(PROPER(TRIM(Raw_Data!D9))="Uk",PROPER(TRIM(Raw_Data!D9))="Gb",PROPER(TRIM(Raw_Data!D9))="United kingdom"),"United Kingdom",PROPER(TRIM(Raw_Data!D9))) -> Ireland | E9: organic | F9: FR-1120 | G9: =SUBSTITUTE(Raw_Data!G9,"Ã©","é") -> Fell Runner Cap | H9: 2 | I9: 134.10 | J9: 268.20 | K9: 0.085 | L9: EUR | M9: refunded
A10: ORD-102650 | B10: 46057 | C10: customer0013@example.com | D10: =IF(OR(PROPER(TRIM(Raw_Data!D10))="Uk",PROPER(TRIM(Raw_Data!D10))="Gb",PROPER(TRIM(Raw_Data!D10))="United kingdom"),"United Kingdom",PROPER(TRIM(Raw_Data!D10))) -> United Kingdom | E10: paid_search | F10: FR-5567 | G10: =SUBSTITUTE(Raw_Data!G10,"Ã©","é") -> Merino Base Layer | H10: 1 | I10: 24.00 | J10: 24.00 | K10: 0.19 | L10: GBP | M10: completed
A11: ORD-102734 | B11: 46069 | C11: customer0805@example.com | D11: =IF(OR(PROPER(TRIM(Raw_Data!D11))="Uk",PROPER(TRIM(Raw_Data!D11))="Gb",PROPER(TRIM(Raw_Data!D11))="United kingdom"),"United Kingdom",PROPER(TRIM(Raw_Data!D11))) -> United Kingdom | E11: paid_search | F11: FR-5567 | G11: =SUBSTITUTE(Raw_Data!G11,"Ã©","é") -> Merino Base Layer | H11: 1 | I11: 95.00 | J11: 95.00 | K11: 0.19 | L11: EUR | M11: refunded
A12: ORD-102012 | B12: 46133 | C12: customer0123@example.com | D12: =IF(OR(PROPER(TRIM(Raw_Data!D12))="Uk",PROPER(TRIM(Raw_Data!D12))="Gb",PROPER(TRIM(Raw_Data!D12))="United kingdom"),"United Kingdom",PROPER(TRIM(Raw_Data!D12))) -> United Kingdom | E12: email | F12: FR-7781 | G12: =SUBSTITUTE(Raw_Data!G12,"Ã©","é") -> Storm Overtrousers | H12: 1 | I12: 45.00 | J12: 45.00 | K12: 0.41 | L12: GBP | M12: completed
A13: ORD-102152 | B13: 46029 | C13: customer0956@example.com | D13: =IF(OR(PROPER(TRIM(Raw_Data!D13))="Uk",PROPER(TRIM(Raw_Data!D13))="Gb",PROPER(TRIM(Raw_Data!D13))="United kingdom"),"United Kingdom",PROPER(TRIM(Raw_Data!D13))) -> Ireland | E13: email | F13: FR-7781 | G13: =SUBSTITUTE(Raw_Data!G13,"Ã©","é") -> Storm Overtrousers | H13: 1 | I13: 129.00 | J13: 129.00 | K13: 0.41 | L13: GBP | M13: completed
... A3001: ORD-102825 | B3001: 46073 | C3001: customer0961@example.com | D3001: =IF(OR(PROPER(TRIM(Raw_Data!D3001))="Uk",PROPER(TRIM(Raw_Data!D3001))="Gb",PROPER(TRIM(Raw_Data!D3001))="United kingdom"),"United Kingdom",PROPER(TRIM(Raw_Data!D3001))) -> Ireland | E3001: direct | F3001: FR-9902 | G3001: =SUBSTITUTE(Raw_Data!G3001,"Ã©","é") -> Trail Softshell | H3001: 2 | I3001: 129.00 | J3001: 258.00 | K3001: 0.52 | L3001: GBP | M3001: completed
